type,candidate,priority,reason
protein_tripartite_residue,E:TYR83,1,contacts RAP (C1;C11;C2;C34;C35;C49;C8;N7;O1;O2;O3) and opposite chain (F:ARG2042); score=49.5
protein_tripartite_residue,F:TYR2105,2,contacts RAP (C19;C20;C21;C46;C48) and opposite chain (E:LYS48); score=33.0
protein_tripartite_residue,F:PHE2039,3,contacts RAP (C13;C18;C36;C47;C49) and opposite chain (E:HIS88); score=25.5
protein_tripartite_residue,E:ILE91,4,contacts RAP (C43) and opposite chain (F:LEU2098;F:VAL2094); score=12.5
protein_tripartite_residue,F:LEU2098,5,contacts RAP (C50) and opposite chain (E:ILE91); score=9.5
RAP_atom,C49,1,shared_seam; strongly_buried; E/F 4A contacts=3/1
RAP_atom,C46,2,edge_contact; buried; E/F 4A contacts=0/1
RAP_atom,C36,3,edge_contact; buried; E/F 4A contacts=0/1
RAP_atom,C48,4,edge_contact; buried; E/F 4A contacts=0/2
RAP_atom,C35,5,edge_contact; buried; E/F 4A contacts=2/0
RAP_atom,C14,6,edge_contact; partially_buried; E/F 4A contacts=1/0
RAP_atom,C28,7,edge_contact; partially_buried; E/F 4A contacts=1/0
RAP_atom,C37,8,edge_contact; partially_buried; E/F 4A contacts=1/0
RAP_atom,C27,9,edge_contact; partially_buried; E/F 4A contacts=0/1
RAP_atom,C29,10,edge_contact; partially_buried; E/F 4A contacts=1/0
RAP_atom,C5,11,E_face; strongly_buried; E/F 4A contacts=5/0
RAP_atom,O2,12,E_face; strongly_buried; E/F 4A contacts=9/0
RAP_atom,C3,13,E_face; strongly_buried; E/F 4A contacts=6/0
RAP_atom,C45,14,F_face; strongly_buried; E/F 4A contacts=0/10
RAP_atom,C50,15,F_face; strongly_buried; E/F 4A contacts=0/8
RAP_atom,C23,16,F_face; strongly_buried; E/F 4A contacts=0/2
RAP_atom,C4,17,E_face; strongly_buried; E/F 4A contacts=8/0
RAP_atom,O4,18,E_face; strongly_buried; E/F 4A contacts=7/0
RAP_atom,C20,19,F_face; strongly_buried; E/F 4A contacts=0/1
RAP_atom,C51,20,F_face; strongly_buried; E/F 4A contacts=0/3
RAP_atom,C1,21,E_face; strongly_buried; E/F 4A contacts=1/0
RAP_atom,C21,22,F_face; strongly_buried; E/F 4A contacts=0/3
RAP_atom,C2,23,E_face; strongly_buried; E/F 4A contacts=1/0
RAP_atom,C9,24,E_face; strongly_buried; E/F 4A contacts=2/0
RAP_atom,C24,25,F_face; strongly_buried; E/F 4A contacts=0/1
RAP_atom,C41,26,E_face; strongly_buried; E/F 4A contacts=7/0
RAP_atom,C43,27,E_face; strongly_buried; E/F 4A contacts=4/0
RAP_atom,O3,28,E_face; buried; E/F 4A contacts=4/0
RAP_atom,C19,29,F_face; buried; E/F 4A contacts=0/2
RAP_atom,C42,30,E_face; buried; E/F 4A contacts=3/0
RAP_atom,O6,31,E_face; buried; E/F 4A contacts=3/0
RAP_atom,O7,32,F_face; buried; E/F 4A contacts=0/1
RAP_atom,C22,33,F_face; buried; E/F 4A contacts=0/2
RAP_atom,C47,34,F_face; buried; E/F 4A contacts=0/1
RAP_atom,C6,35,E_face; buried; E/F 4A contacts=1/0
RAP_atom,C18,36,F_face; buried; E/F 4A contacts=0/2
RAP_atom,O10,37,E_face; buried; E/F 4A contacts=5/0
RAP_atom,O11,38,E_face; buried; E/F 4A contacts=3/0
RAP_atom,O13,39,E_face; buried; E/F 4A contacts=2/0
RAP_atom,C8,40,E_face; buried; E/F 4A contacts=2/0
RAP_atom,C10,41,E_face; buried; E/F 4A contacts=1/0
RAP_atom,C40,42,E_face; buried; E/F 4A contacts=1/0
RAP_atom,C11,43,E_face; buried; E/F 4A contacts=1/0
RAP_atom,O8,44,E_face; buried; E/F 4A contacts=1/0
RAP_atom,N7,45,E_face; partially_buried; E/F 4A contacts=1/0
RAP_atom,O5,46,E_face; partially_buried; E/F 4A contacts=1/0
RAP_atom,C13,47,F_face; partially_buried; E/F 4A contacts=0/1
RAP_atom,O9,48,F_face; partially_buried; E/F 4A contacts=0/1
RAP_atom,C32,49,E_face; partially_buried; E/F 4A contacts=1/0
RAP_atom,O1,50,E_face; partially_buried; E/F 4A contacts=1/0
RAP_atom,C30,51,E_face; partially_buried; E/F 4A contacts=1/0
RAP_atom,C34,52,E_face; partially_buried; E/F 4A contacts=2/0
RAP_atom,C12,53,proximity_only; buried; E/F 4A contacts=0/0
RAP_atom,C38,54,proximity_only; buried; E/F 4A contacts=0/0
RAP_atom,C52,55,proximity_only; buried; E/F 4A contacts=0/0
RAP_atom,C17,56,proximity_only; buried; E/F 4A contacts=0/0
RAP_atom,C44,57,proximity_only; buried; E/F 4A contacts=0/0
RAP_atom,C16,58,proximity_only; partially_buried; E/F 4A contacts=0/0
RAP_atom,C25,59,proximity_only; partially_buried; E/F 4A contacts=0/0
RAP_atom,C26,60,proximity_only; partially_buried; E/F 4A contacts=0/0
RAP_atom,C15,61,proximity_only; partially_buried; E/F 4A contacts=0/0
RAP_atom,C39,62,proximity_only; partially_buried; E/F 4A contacts=0/0
RAP_atom,O12,63,proximity_only; partially_buried; E/F 4A contacts=0/0
RAP_atom,C31,64,proximity_only; partially_buried; E/F 4A contacts=0/0
RAP_atom,C33,65,proximity_only; exposed; E/F 4A contacts=0/0
