rap_atom,element,min_dist_E_A,nearest_E_residue,nearest_E_atom,min_dist_F_A,nearest_F_residue,nearest_F_atom,E_contacts_4A,F_contacts_4A,E_contacts_5A,F_contacts_5A,face_class,burial_proxy
C1,C,3.184,E:TYR83,OH,7.516,F:PHE2039,CD1,1,0,13,0,E_face,strongly_buried
O1,O,3.311,E:TYR83,OH,6.337,F:PHE2039,CD1,1,0,4,0,E_face,partially_buried
O2,O,2.827,E:ILE57,N,8.024,F:PHE2039,CD1,9,0,18,0,E_face,strongly_buried
C2,C,3.254,E:TYR83,OH,8.371,F:PHE2039,CD1,1,0,12,0,E_face,strongly_buried
C3,C,3.417,E:TRP60,CE2,9.715,F:PHE2039,CD1,6,0,18,0,E_face,strongly_buried
C4,C,3.673,E:PHE47,CE2,8.658,F:TYR2105,CE2,8,0,15,0,E_face,strongly_buried
C5,C,3.753,E:TYR27,CZ,8.369,F:TYR2105,CE2,5,0,19,0,E_face,strongly_buried
C6,C,3.923,E:TYR27,OH,7.931,F:PHE2039,CE1,1,0,9,0,E_face,buried
N7,N,3.47,E:TYR83,OH,7.962,F:PHE2039,CD1,1,0,5,0,E_face,partially_buried
C8,C,3.114,E:TYR83,OH,7.833,F:PHE2039,CE1,2,0,7,0,E_face,buried
O3,O,2.326,E:TYR83,OH,7.944,F:PHE2039,CD1,4,0,11,0,E_face,buried
C9,C,3.74,E:ASP38,OD2,7.394,F:LEU2098,CD1,2,0,12,0,E_face,strongly_buried
O4,O,3.212,E:ASP38,OD2,7.8,F:LEU2098,CD1,7,0,14,0,E_face,strongly_buried
C10,C,3.481,E:ASP38,OD2,5.931,F:LEU2098,CD1,1,0,7,0,E_face,buried
O5,O,3.386,E:ASP38,OD2,5.859,F:PHE2039,CE1,1,0,5,0,E_face,partially_buried
O6,O,2.714,E:ASP38,OD2,5.145,F:LEU2098,CD1,3,0,10,0,E_face,buried
C11,C,3.799,E:TYR83,OH,5.726,F:PHE2039,CE1,1,0,6,0,E_face,buried
C12,C,4.105,E:ILE91,CD1,4.505,F:PHE2039,CE1,0,0,3,4,proximity_only,buried
C13,C,5.019,E:ILE91,CD1,3.616,F:PHE2039,CE1,0,1,0,5,F_face,partially_buried
C14,C,3.913,E:ASP38,OD2,4.656,F:LEU2098,CD2,1,0,2,3,edge_contact,partially_buried
C15,C,4.479,E:ASP38,OD2,4.819,F:PHE2039,CE1,0,0,1,2,proximity_only,partially_buried
C16,C,5.465,E:ASP38,OD2,4.157,F:PHE2039,CZ,0,0,0,5,proximity_only,partially_buried
O7,O,5.022,E:ASP38,OD2,3.665,F:ASP2102,OD1,0,1,0,10,F_face,buried
C17,C,5.536,E:PHE47,CE1,4.474,F:PHE2039,CZ,0,0,0,6,proximity_only,buried
C18,C,6.253,E:PHE47,CE1,3.85,F:PHE2039,CZ,0,2,0,9,F_face,buried
C19,C,6.177,E:PHE47,CE1,3.902,F:TYR2105,CB,0,2,0,11,F_face,buried
C20,C,7.26,E:PHE47,CE1,3.981,F:TYR2105,CB,0,1,0,14,F_face,strongly_buried
C21,C,7.551,E:PHE47,CE1,3.496,F:TYR2105,CD1,0,3,0,13,F_face,strongly_buried
C22,C,7.956,E:GLU55,O,3.657,F:SER2035,CB,0,2,0,10,F_face,buried
C23,C,7.425,E:GLU55,CD,3.957,F:PHE2108,CD2,0,2,0,17,F_face,strongly_buried
C24,C,6.453,E:GLU55,CD,3.519,F:SER2035,OG,0,1,0,12,F_face,strongly_buried
C25,C,5.223,E:GLU55,CG,4.215,F:SER2035,OG,0,0,0,4,proximity_only,partially_buried
C26,C,4.507,E:GLU55,CG,4.225,F:SER2035,OG,0,0,3,1,proximity_only,partially_buried
O8,O,3.713,E:GLU55,CG,5.168,F:GLU2032,CG,1,0,6,0,E_face,buried
C27,C,4.984,E:GLU55,O,3.539,F:SER2035,OG,0,1,1,2,edge_contact,partially_buried
O9,O,5.313,E:GLN54,O,3.927,F:SER2035,OG,0,1,0,5,F_face,partially_buried
C28,C,3.657,E:GLU55,O,4.571,F:SER2035,OG,1,0,4,1,edge_contact,partially_buried
O10,O,2.658,E:GLU55,O,5.833,F:SER2035,OG,5,0,9,0,E_face,buried
C29,C,3.785,E:GLU55,O,4.758,F:SER2035,OG,1,0,2,1,edge_contact,partially_buried
C30,C,3.276,E:GLU55,O,5.87,F:TYR2105,CE1,1,0,4,0,E_face,partially_buried
C31,C,4.102,E:GLU55,O,5.323,F:TYR2105,CE2,0,0,2,0,proximity_only,partially_buried
C32,C,3.748,E:GLU55,O,6.189,F:PHE2039,CG,1,0,5,0,E_face,partially_buried
O11,O,3.566,E:PHE47,CZ,6.195,F:TYR2105,CE2,3,0,8,0,E_face,buried
C33,C,4.215,E:GLU55,O,5.007,F:PHE2039,CD1,0,0,1,0,proximity_only,exposed
C34,C,3.967,E:TYR83,OH,5.556,F:PHE2039,CD1,2,0,3,0,E_face,partially_buried
C35,C,3.332,E:TYR83,OH,4.822,F:PHE2039,CB,2,0,5,2,edge_contact,buried
C36,C,4.416,E:TYR83,CE1,3.774,F:PHE2039,CB,0,1,4,6,edge_contact,buried
C37,C,3.661,E:GLU55,O,4.614,F:PHE2039,CB,1,0,4,1,edge_contact,partially_buried
C38,C,4.463,E:GLU55,O,4.2,F:PHE2039,CB,0,0,1,6,proximity_only,buried
C39,C,4.037,E:GLN54,O,5.078,F:GLY2040,CA,0,0,3,0,proximity_only,partially_buried
O12,O,4.556,E:GLN54,O,4.257,F:GLY2040,CA,0,0,1,2,proximity_only,partially_buried
C40,C,3.857,E:GLN54,O,5.772,F:GLY2040,CA,1,0,7,0,E_face,buried
O13,O,2.933,E:GLN54,O,6.613,F:GLY2040,CA,2,0,8,0,E_face,buried
C41,C,3.476,E:VAL56,C,6.564,F:PHE2039,O,7,0,12,0,E_face,strongly_buried
C42,C,3.814,E:ILE57,N,5.647,F:PHE2039,O,3,0,11,0,E_face,buried
C43,C,3.577,E:ILE92,CG1,6.173,F:LEU2098,CD1,4,0,12,0,E_face,strongly_buried
C44,C,4.271,E:PHE47,CE1,4.105,F:ASP2102,OD1,0,0,2,4,proximity_only,buried
C45,C,8.583,E:GLU55,OE2,3.444,F:PHE2108,CG,0,10,0,18,F_face,strongly_buried
C46,C,4.265,E:GLU55,CD,3.773,F:TYR2105,CE1,0,1,4,7,edge_contact,buried
C47,C,5.116,E:GLU55,O,3.666,F:PHE2039,CD2,0,1,0,10,F_face,buried
C48,C,4.105,E:PHE47,CZ,3.876,F:TYR2105,CZ,0,2,3,7,edge_contact,buried
C49,C,3.051,E:TYR83,OH,3.877,F:PHE2039,CD1,3,1,8,4,shared_seam,strongly_buried
C50,C,6.261,E:ASP38,OD2,3.005,F:LEU2098,O,0,8,0,18,F_face,strongly_buried
C51,C,6.364,E:GLN54,O,3.514,F:SER2035,OG,0,3,0,14,F_face,strongly_buried
C52,C,4.908,E:GLN54,O,4.14,F:ARG2036,CG,0,0,1,6,proximity_only,buried
