E_residue,F_residue,min_dist_A,closest_E_atom,closest_F_atom,heavy_atom_pairs_4A,polar_candidates_3p5A,salt_bridge_candidates_4A,hydrophobic_pairs_4p5A
E:LYS48,F:TYR2105,2.763,O,OH,4,1,0,0
E:GLY87,F:ARG2042,2.947,O,NH2,4,2,0,0
E:HIS88,F:PHE2039,3.118,NE2,O,4,1,0,1
E:HIS88,F:ARG2042,3.686,NE2,NE,4,0,0,3
E:THR86,F:ARG2042,3.264,OG1,NH2,3,2,0,0
E:TYR83,F:ARG2042,3.299,O,NH2,3,1,0,0
E:GLY90,F:VAL2094,3.366,O,CG1,3,0,0,2
E:ILE91,F:VAL2094,3.625,CD1,CG2,3,0,0,5
E:ILE91,F:LEU2098,3.65,CD1,CD1,1,0,0,4
E:MET50,F:ARG2109,3.79,CE,NH2,1,0,0,1
E:PRO89,F:VAL2094,4.005,O,CG2,0,0,0,0
E:GLY90,F:LYS2095,4.02,O,CE,0,0,0,0
E:PHE47,F:TYR2105,4.192,CE1,CE2,0,0,0,1
E:ARG43,F:ASP2102,4.2,CD,OD2,0,0,0,0
E:HIS88,F:TYR2038,4.202,NE2,O,0,0,0,0
E:PHE49,F:TYR2105,4.28,CA,OH,0,0,0,0
E:PRO89,F:ARG2042,4.287,CD,CG,0,0,0,1
E:GLU55,F:ARG2109,4.35,OE1,NH1,0,0,0,0
E:ILE91,F:TYR2038,4.42,CD1,OH,0,0,0,0
E:ILE91,F:LYS2095,4.6,CG1,CE,0,0,0,0
E:GLU55,F:TYR2105,4.627,OE1,OH,0,0,0,0
E:PRO89,F:TYR2038,4.864,O,OH,0,0,0,0
