metric,value
RAP_heavy_atoms,65
E_RAP_contact_residues_4A,13
F_RAP_contact_residues_4A,9
E_direct_interface_residues_4A,8
F_direct_interface_residues_4A,6
direct_EF_heavy_atom_pairs_4A,30
E_tripartite_residues,2
F_tripartite_residues,3
RAP_contact_face_angle_deg,159.01
RAP_atoms_E_face,28
RAP_atoms_F_face,14
RAP_atoms_shared_seam,1
RAP_atoms_edge_contact,9
RAP_atoms_proximity_only,13
RAP_atoms_exposed,0
RAP_atoms_burial_proxy_strongly_buried,18
RAP_atoms_burial_proxy_buried,26
RAP_atoms_burial_proxy_partially_buried,20
RAP_atoms_burial_proxy_exposed,1
